{
  "show_more": {
    "precision": 0.8666666666666667,
    "recall": 0.975,
    "f1-score": 0.9176470588235294,
    "support": 40,
    "confused_with": {
      "search_ui": 1
    }
  },
  "search_ui": {
    "precision": 0.9989094874591058,
    "recall": 0.916,
    "f1-score": 0.9556598852373501,
    "support": 1000,
    "confused_with": {
      "similar_ui": 42,
      "sort": 36
    }
  },
  "sort": {
    "precision": 0.847457627118644,
    "recall": 1.0,
    "f1-score": 0.9174311926605504,
    "support": 200,
    "confused_with": {}
  },
  "similar_ui": {
    "precision": 0.8264462809917356,
    "recall": 1.0,
    "f1-score": 0.904977375565611,
    "support": 200,
    "confused_with": {}
  },
  "help": {
    "precision": 1.0,
    "recall": 1.0,
    "f1-score": 1.0,
    "support": 5,
    "confused_with": {}
  },
  "clear_memory": {
    "precision": 1.0,
    "recall": 1.0,
    "f1-score": 1.0,
    "support": 7,
    "confused_with": {}
  },
  "accuracy": 0.9414600550964187,
  "macro avg": {
    "precision": 0.9232466770393586,
    "recall": 0.9818333333333333,
    "f1-score": 0.9492859187145068,
    "support": 1452
  },
  "weighted avg": {
    "precision": 0.9506590466582978,
    "recall": 0.9414600550964187,
    "f1-score": 0.9427324250933359,
    "support": 1452
  }
}